Id,Vorname,Nachname,Email,Telefonnummer,Adresse,Stadt,PLZ,Land,Geburtsdatum
1,Max,Mustermann,max.mustermann@gmail.com,49123456789,Musterstraße 1,Musterstadt,12345,Deutschland,1990-01-01
2,Lisa,Musterfrau,lisa.musterfrau@yahoo.com,49123456788,Musterweg 2,Musterdorf,54321,Deutschland,1992-03-15
3,Anna,Schmidt,anna.schmidt@hotmail.com,49123456787,Schmidtstraße 3,Schmidtstadt,67890,Deutschland,1985-07-20
4,Michaela,Mayer,michaela.mayer@web.de,49123456786,Mayerweg 4,Mayerstadt,54321,Deutschland,1978-09-10
5,Jonas,Koch,jonas.koch@outlook.com,49123456785,Kochgasse 5,Kochdorf,23456,Deutschland,1983-11-30
6,Fabian,Lehmann,fabian.lehmann@gmail.com,49123456784,Lehmannweg 6,Lehmannstadt,34567,Deutschland,1991-05-25
7,Julia,Fischer,julia.fischer@yahoo.com,49123456783,Fischerallee 7,Fischerdorf,45678,Deutschland,1987-02-14
8,Lukas,Wagner,lukas.wagner@hotmail.com,49123456782,Wagnerstraße 8,Wagnerstadt,56789,Deutschland,1995-04-05
9,Hannah,Becker,hannah.becker@web.de,49123456781,Beckerplatz 9,Beckerstadt,67890,Deutschland,1976-08-18
10,David,Schneider,david.schneider@gmail.com,49123456780,Schneiderweg 10,Schneiderdorf,78901,Deutschland,1980-12-03
11,Sarah,Müller,sarah.mueller@yahoo.com,49123456779,Müllerplatz 11,Müllerstadt,89012,Deutschland,1988-06-22
12,Janine,Schulz,janine.schulz@hotmail.com,49123456778,Schulzstraße 12,Schulzstadt,90123,Deutschland,1979-10-07
13,Paul,Krüger,paul.krueger@gmail.com,49123456777,Krügerweg 13,Krügerdorf,12345,Deutschland,1984-04-15
14,Carolin,Hofmann,carolin.hofmann@yahoo.com,49123456776,Hofmannallee 14,Hofmannstadt,23456,Deutschland,1993-08-28
15,Markus,Lehmann,markus.lehmann@hotmail.com,49123456775,Lehmannplatz 15,Lehmannstadt,34567,Deutschland,1977-12-11
16,Marie,Weber,marie.weber@outlook.com,49123456774,Weberweg 16,Weberdorf,45678,Deutschland,1990-02-03
17,Peter,Beck,peter.beck@gmail.com,49123456773,Beckstraße 17,Beckstadt,56789,Deutschland,1986-05-17
18,Laura,Schwarz,laura.schwarz@yahoo.com,49123456772,Schwarzgasse 18,Schwarzdorf,67890,Deutschland,1981-09-29
19,Andreas,Klein,andreas.klein@hotmail.com,49123456771,Kleinweg 19,Kleindorf,78901,Deutschland,1992-01-13
20,Christina,Werner,christina.werner@gmail.com,49123456770,Wernerplatz 20,Wernerstadt,89012,Deutschland,1978-03-26
21,Julian,Schulze,julian.schulze@yahoo.com,49123456769,Schulzeweg 21,Schulzedorf,90123,Deutschland,1985-07-09
22,Sabrina,Neumann,sabrina.neumann@web.de,49123456768,Neumannstraße 22,Neumannstadt,12345,Deutschland,1994-11-24
23,Daniel,Lorenz,daniel.lorenz@gmail.com,49123456767,Lorenzallee 23,Lorenzstadt,23456,Deutschland,1979-02-05
24,Jennifer,Fuchs,jennifer.fuchs@yahoo.com,49123456766,Fuchsweg 24,Fuchsdorf,34567,Deutschland,1987-06-19
25,Christian,Schmitz,christian.schmitz@hotmail.com,49123456765,Schmitzplatz 25,Schmitzstadt,45678,Deutschland,1983-10-01
